{"cameraMode":{"drawMode":0,"name":"Shaded","section":"Shading Mode"},"sceneLighting":true,"audioPlay":false,"sceneViewState":{"showFog":true,"showMaterialUpdate":false,"showSkybox":true,"showFlares":true,"showImageEffects":true,"showParticleSystems":true},"in2DMode":false,"pivot":{"x":1.59752357006073,"y":1.9083061218261719,"z":7.3043928146362309},"rotation":{"x":-0.17016279697418214,"y":0.06319990009069443,"z":-0.010825753211975098,"w":-0.9835318326950073},"size":5.865275859832764,"orthographic":false}