{"cameraMode":{"drawMode":0,"name":"Shaded","section":"Shading Mode"},"sceneLighting":false,"audioPlay":false,"sceneViewState":{"showFog":true,"showMaterialUpdate":false,"showSkybox":false,"showFlares":true,"showImageEffects":true,"showParticleSystems":true},"in2DMode":false,"pivot":{"x":6.71405553817749,"y":2.762047052383423,"z":9.330284118652344},"rotation":{"x":-0.048528220504522327,"y":-0.7117434144020081,"z":0.049409087747335437,"w":-0.6990374326705933},"size":3.6539418697357179,"orthographic":false}