{"cameraMode":{"drawMode":0,"name":"Shaded","section":"Shading Mode"},"sceneLighting":true,"audioPlay":false,"sceneViewState":{"showFog":true,"showMaterialUpdate":false,"showSkybox":true,"showFlares":true,"showImageEffects":true,"showParticleSystems":true},"in2DMode":false,"pivot":{"x":-1.0,"y":0.5061582326889038,"z":0.00014516711235046387},"rotation":{"x":0.02891925349831581,"y":0.971002459526062,"z":-0.17999541759490968,"w":0.15535074472427369},"size":0.6396764516830444,"orthographic":false}