{"cameraMode":{"drawMode":0,"name":"Shaded","section":"Shading Mode"},"sceneLighting":true,"audioPlay":false,"sceneViewState":{"showFog":true,"showMaterialUpdate":false,"showSkybox":true,"showFlares":true,"showImageEffects":true,"showParticleSystems":true},"in2DMode":false,"pivot":{"x":-0.26863962411880495,"y":1.0645921230316163,"z":0.2978630065917969},"rotation":{"x":0.24078494310379029,"y":0.035270098596811298,"z":-0.008622758090496064,"w":0.9700014591217041},"size":5.156314849853516,"orthographic":false}